rut,nombre,idCliente,direccion,celular,email
9684802,Otis Portwood,0,328 17th Street,908929960,otis.portwood@gmail.com
25788583,Curtis Lay,1,169 Avenida Drive,930936290,curtis.lay@gmail.com
23270174,Gary Bernal,2,222 Quince Street,971661108,gary.bernal@gmail.com
23966891,Frankie Cox,3,4231 Miramonte Way,961450882,frankie.cox@gmail.com
7998894,Nancy Madden,4,2337 Nebraska Avenue,985411779,nancy.madden@gmail.com
13272380,Arnita Li,5,5430 Brookdale Avenue,953556540,arnita.li@gmail.com
18459021,Timothy Coffin,6,1452 55th Avenue,955059754,timothy.coffin@gmail.com
29073463,Jeff Barnard,7,2064 West Columbia Way,964659139,jeff.barnard@gmail.com
25803804,Manuel Wilkes,8,40902 Ingersoll Terrace,988427962,manuel.wilkes@gmail.com
6645094,Michael Morlino,9,22538 6th Street,995652563,michael.morlino@gmail.com
15959655,Brenda Capuano,10,24647 Patricia Court,999997417,brenda.capuano@gmail.com
6478300,Barbara Willis,11,1209 Parker Street,932240479,barbara.willis@gmail.com
20659313,Miriam Cho,12,6431 Shattuck Avenue,909002610,miriam.cho@gmail.com
25534723,Cathy Williams,13,222 Quince Street,951656584,cathy.williams@gmail.com
14299611,Dawn Myers,14,6100 Bullard Drive,992651729,dawn.myers@gmail.com
29005108,Sherri Lamke,15,46710 Crawford Street,989802136,sherri.lamke@gmail.com
10925760,Marion Williams,16,1528 Spruce Street,915369495,marion.williams@gmail.com
10650185,Tom Hunt,17,136 Acacia Drive,967336865,tom.hunt@gmail.com
10571450,Joe Nail,18,31130 Meadowbrook Avenue,985648061,joe.nail@gmail.com
18306833,Raymond Ford,19,2902 Flint Street,928672845,raymond.ford@gmail.com
11124206,Fay Wallace,20,2750 Gilmore Lane,936052356,fay.wallace@gmail.com
15493150,Janice Mcnulty,21,2522 Fountain Avenue,903321469,janice.mcnulty@gmail.com
29952071,Julius Schultz,22,2750 Gilmore Lane,958325603,julius.schultz@gmail.com
28269335,Rick Jackson,23,928 Wright Avenue,982330265,rick.jackson@gmail.com
8815168,Richard Mcgee,24,465 Humboldt Way,914236170,richard.mcgee@gmail.com
27050045,Carol Pharis,25,5130 Morris Way,900284182,carol.pharis@gmail.com
22157326,Michelle Jones,26,4971 Janet Court,918702789,michelle.jones@gmail.com
25637123,Angela Smith,27,1238 Roanwood Way,933828560,angela.smith@gmail.com
17280406,Stephanie Cowell,28,10400 Royal Oak Road,932814840,stephanie.cowell@gmail.com
9118971,Claude Peterson,29,856 Milton Street,945666835,claude.peterson@gmail.com
10310471,Iris Smith,30,1300 Lemos Lane,971335248,iris.smith@gmail.com
7160085,Amy Scaggs,31,10881 Northforde Drive,949382838,amy.scaggs@gmail.com
8598750,Nicole Harper,32,775 47th Street,967346752,nicole.harper@gmail.com
20649628,Christopher Hannah,33,31353 Santa Elena Way,924147559,christopher.hannah@gmail.com
16457202,Douglas Jimerson,34,560 Penstock Drive,933126402,douglas.jimerson@gmail.com
17933207,Larry Miller,35,1890 Orchard View Road,938009083,larry.miller@gmail.com
23841910,Steven Bohannon,36,22538 6th Street,965183385,steven.bohannon@gmail.com
22086639,Virgina Brock,37,2337 Nebraska Avenue,916272647,virgina.brock@gmail.com
24025106,Billy Heltzel,38,4438 Maine Avenue,900644488,billy.heltzel@gmail.com
15036748,Harold Harman,39,2522 Fountain Avenue,988161223,harold.harman@gmail.com
28793397,Kenneth Meczywor,40,5396 North Reese Avenue,903540802,kenneth.meczywor@gmail.com
25234205,Patrick Sylvester,41,1761 Thousand Oaks Boulevard,964030080,patrick.sylvester@gmail.com
13059079,Gerald Rollins,42,942 Lewis Road,910435858,gerald.rollins@gmail.com
29413697,Amanda Mikolajczyk,43,328 17th Street,990034552,amanda.mikolajczyk@gmail.com
12573591,Karen Mclavrin,44,6057 Griffith Avenue,987459169,karen.mclavrin@gmail.com
23715870,Timothy Toothaker,45,3027 Badger Drive,967828527,timothy.toothaker@gmail.com
28182982,Mason Atkinson,46,238 La Salle Avenue,948243863,mason.atkinson@gmail.com
11940349,Willie Brown,47,1040 University Avenue,931748390,willie.brown@gmail.com
17201877,Mark Wiser,48,33300 Mission Boulevard,931615679,mark.wiser@gmail.com
24139990,Charles Wilson,49,5410 McLean Drive,990135495,charles.wilson@gmail.com
24416668,Henry Young,50,3189 Main Street,959909449,henry.young@gmail.com
21871262,Carrie Fink,51,682 Brighton Way,930778362,carrie.fink@gmail.com
14812746,Mary Pastorin,52,7800 River Mist Avenue,987408807,mary.pastorin@gmail.com
29470712,Anthony Hambright,53,37122 Contra Costa Avenue,949592530,anthony.hambright@gmail.com
17758500,Vincent White,54,928 Wright Avenue,933773767,vincent.white@gmail.com
13214721,Mildred Valdez,55,4920 Quonset Drive,982291591,mildred.valdez@gmail.com
27110014,Verona Smith,56,3008 Russell Street,926980285,verona.smith@gmail.com
16213545,Elizabeth Ruggles,57,1300 Lemos Lane,919478129,elizabeth.ruggles@gmail.com
15365732,Lee Deason,58,1040 University Avenue,900451638,lee.deason@gmail.com
11122614,Derrick Moller,59,4439 Gale Street,907045043,derrick.moller@gmail.com
